0,0.09962
0.00659,0.00625
0.01634,0.25406
0.02486,-0.01495
0.03337,0.17384
0.04189,0.25759
0.0503,0.28166
0.05855,0.241
0.06664,0.09847
0.07489,0.19235
0.08346,0.3292
0.09193,0.15575
0.10029,0.20162
0.10843,0.18381
0.11657,0.35287
0.12504,0.29478
0.13361,0.36355
0.14196,0.17135
0.15021,0.32893
0.1583,0.55811
0.16666,0.33094
0.17518,0.2708
0.18359,0.32981
0.19195,0.42017
0.20004,0.42524
0.20823,0.57279
0.21675,0.30948
0.22521,0.5765
0.23363,0.46662
0.24187,0.60733
0.24991,0.45898
0.25832,0.71623
0.26684,0.62698
0.2753,0.66312
0.28361,0.86508
0.2917,0.68456
0.29582,0.75417
0.29839,0.71136
0.30225,0.95274
0.3052,0.83828
0.30836,0.70406
0.31221,0.70735
0.31521,0.73704
0.31838,0.92413
0.32213,0.86733
0.32523,0.87687
0.32845,0.85138
0.33209,0.85184
0.33525,0.98869
0.33841,0.95007
0.342,1.02455
0.34527,0.90216
0.34848,0.94686
0.35196,1.17902
0.35534,1.07549
0.3585,1.24569
0.36193,1.19091
0.36536,1.37028
0.36857,1.15919
0.37189,1.24869
0.37537,1.3234
0.37854,1.30104
0.38175,1.34376
0.38539,1.19516
0.38861,1.50737
0.39171,1.50543
0.39541,1.53336
0.39863,1.41876
0.40168,1.62417
0.40554,1.56812
0.40859,1.67575
0.41164,1.64872
0.41561,1.75137
0.41855,1.84737
0.42166,1.88945
0.42562,1.90998
0.42857,1.91252
0.43162,1.91819
0.43564,2.16678
0.43854,2.21555
0.44164,2.14335
0.44561,2.41627
0.44855,2.41514
0.45166,2.382
0.45557,2.55146
0.45857,2.49962
0.46168,2.78831
0.46554,2.59163
0.46859,2.86298
0.4717,2.9202
0.47555,2.98105
0.47861,3.1605
0.48171,3.08558
0.48546,3.12997
0.48857,3.25706
0.49173,3.36357
0.49548,3.55452
0.49854,3.49194
0.50175,3.5943
0.50539,3.80786
0.50861,3.85596
0.51182,3.97896
0.51536,4.04071
0.51863,4.12087
0.52184,4.17808
0.52527,4.33184
0.52864,4.47956
0.53186,4.52327
0.53523,4.52231
0.53871,4.75481
0.54193,4.79574
0.54514,4.91127
0.54873,5.02686
0.55189,5.11278
0.55505,5.37087
0.5588,5.55235
0.56186,5.46225
0.56507,5.61113
0.56882,5.78343
0.57188,5.92251
0.57504,6.16144
0.57884,6.10314
0.58189,6.27513
0.585,6.21382
0.58891,6.61377
0.59191,6.78656
0.59502,6.84897
0.59893,7.2471
0.60188,7.23124
0.60498,7.29395
0.60889,7.59545
0.61195,7.62565
0.615,7.85933
0.61896,7.95455
0.62191,8.00435
0.62496,8.38845
0.62898,8.43978
0.63193,8.38851
0.63504,8.715
0.63889,8.99427
0.64189,9.05697
0.64505,9.24119
0.64886,9.25385
0.65191,9.45276
0.65507,9.82951
0.65877,9.7183
0.66188,9.72215
0.66514,9.82861
0.66873,10.05447
0.67189,9.93796
0.67516,10.02987
0.67864,10.20336
0.68191,10.04103
0.68518,9.83955
0.68861,10.06074
0.69198,10.12041
0.6952,9.85554
0.69857,10.12712
0.70205,9.88439
0.70521,9.77922
0.70848,9.99687
0.71207,10.00496
0.71523,9.97775
0.71845,10.00373
0.72204,10.41138
0.72525,10.43124
0.72841,10.75662
0.73211,10.47838
0.73521,10.78535
0.73838,10.68589
0.74218,10.60788
0.74529,10.71337
0.74834,11.03927
0.7522,10.78122
0.7553,10.71209
0.7583,10.61972
0.76221,10.66815
0.76527,10.71604
0.76827,10.61306
0.77229,10.72101
0.77529,10.72255
0.77829,10.73948
0.7823,10.81656
0.78525,10.65315
0.7883,10.73114
0.79232,10.81854
0.79521,10.77041
0.79832,10.72855
0.80223,10.70083
0.80523,10.8984
0.80839,10.86726
0.81214,10.71187
0.8152,10.8023
0.81841,10.54883
0.82205,10.73321
0.82527,10.80062
0.82843,10.76087
0.83202,10.50861
0.83529,10.742
0.8385,10.52444
0.84198,10.81019
0.8453,10.7808
0.84846,10.83296
0.85189,10.67084
0.85532,10.6887
0.85854,10.73395
0.86191,10.84763
0.86534,10.73242
0.86855,10.88182
0.87182,10.84156
0.87536,11.07109
0.87857,11.05859
0.88179,11.11847
0.88537,11.30402
0.88859,11.6125
0.89175,11.8456
0.89539,11.94369
0.89861,12.27738
0.90171,12.44963
0.90546,12.85778
0.90863,12.88398
0.91168,13.1201
0.91554,13.35016
0.91859,13.65143
0.92164,13.79714
0.92555,14.2617
0.92855,14.14442
0.93161,14.66202
0.93563,15.03214
0.93857,14.89184
0.94162,15.37901
0.94564,15.54793
0.94854,15.70754
0.95164,16.06358
0.95561,16.40239
0.95855,16.53388
0.96166,16.70313
0.96557,16.88914
0.96857,17.14952
0.97168,17.5191
0.97554,17.89038
0.97859,17.92683
0.9817,18.26518
0.9855,18.41644
0.98861,18.87754
0.99177,18.98916
0.99546,19.27554
0.99857,19.63316
1.00179,19.84993
1.00538,20.16003
1.00859,20.46249
1.0118,20.53273
1.01529,20.8223
1.01861,21.1117
1.02182,21.34419
1.02525,21.68595
1.02868,22.17112
1.03189,22.09884
1.03511,22.28875
1.0387,23.04097
1.04191,23.14559
1.04507,23.25162
1.04877,23.73577
1.05193,23.77106
1.05504,24.07579
1.05884,24.53105
1.06189,24.57136
1.065,25.09693
1.0688,25.13703
1.07191,25.53547
1.07502,25.75576
1.07888,26.15646
1.08188,26.26915
1.08498,26.52822
1.08889,26.97281
1.09189,27.17515
1.095,27.49634
1.09891,27.75303
1.10191,27.74002
1.10496,28.2209
1.10893,28.71264
1.11193,28.75518
1.11498,29.15234
1.11895,29.50564
1.12189,29.68176
1.12495,29.88317
1.12891,30.24182
1.13191,30.52969
1.13496,30.87005
1.13893,31.09202
1.14188,31.28263
1.14498,31.43382
1.14889,31.95892
1.15189,32.35544
1.15505,32.37998
1.1588,33.01495
1.16191,32.9852
1.16507,33.3483
1.16871,33.78953
1.17188,34.08406
1.17514,34.21876
1.17868,34.48139
1.18195,34.81705
1.18516,35.02568
1.18859,35.52289
1.19202,35.75723
1.19518,36.05888
1.19855,36.06417
1.20204,36.62803
1.2052,36.9533
1.20852,37.22292
1.21205,37.56033
1.21521,37.65196
1.21848,38.13544
1.22207,38.5977
1.22523,38.57161
1.22839,39.00936
1.23214,39.23001
1.23525,39.47212
1.23836,39.81814
1.24221,40.37377
1.24521,40.32255
1.24832,40.66068
1.25223,40.94447
1.25529,41.22152
1.25829,41.43734
1.26225,41.70995
1.26525,42.08817
1.26825,42.31448
1.27232,42.79199
1.27521,42.82284
1.27832,43.10985
1.28229,43.51539
1.28523,43.71
1.28829,43.82771
1.2923,44.2351
1.2952,44.39813
1.29836,44.56776
1.30221,44.97832
1.30521,45.22129
1.30838,45.45528
1.31218,45.91245
1.31523,46.1567
1.31839,46.32841
1.32214,46.57129
1.32525,46.83452
1.32846,47.24728
1.33205,47.34864
1.33527,47.7883
1.33848,47.7863
1.34202,47.99296
1.34529,48.36353
1.34845,48.51551
1.35198,48.94774
1.3553,49.05722
1.35852,49.33841
1.36195,49.57472
1.36527,49.70716
1.36854,50.13629
1.37186,50.43661
1.37534,50.56908
1.37855,50.82657
1.38182,50.98271
1.38536,51.56783
1.38857,51.5609
1.39173,51.90858
1.39543,52.20626
1.39859,52.30959
1.4017,52.58709
1.40545,52.94604
1.40855,53.19537
1.41166,53.37963
1.41552,53.66756
1.41857,53.84691
1.42168,54.18858
1.42559,54.35181
1.42854,54.66801
1.43164,54.80658
1.43561,55.24189
1.43855,55.459
1.44166,55.62584
1.44562,55.80759
1.44852,55.99393
1.45168,56.35181
1.45559,56.48605
1.45859,56.68002
1.4617,56.98457
1.4655,57.41531
1.46861,57.54084
1.47171,57.81978
1.47552,58.01908
1.47862,58.20157
1.48173,58.31908
1.48548,58.81152
1.48859,58.88364
1.49175,59.11637
1.49539,59.36413
1.49861,59.75661
1.50177,59.76439
1.50536,60.1404
1.50857,60.43564
1.51184,60.75842
1.51532,60.82083
1.51859,60.87246
1.52186,61.28516
1.52529,61.48363
1.52861,61.81907
1.53188,61.72367
1.5352,62.12329
1.53868,62.44377
1.54189,62.54974
1.54516,62.68525
1.54875,62.99976
1.55191,63.08498
1.55507,63.43367
1.55877,63.77881
1.56193,63.97099
1.56504,63.9712
1.56879,64.46736
1.57189,64.34012
1.575,64.77
1.57886,64.87815
1.58191,65.16869
1.58502,65.32587
1.58887,65.60533
1.59187,65.66185
1.59498,65.93973
1.59889,66.26289
1.60189,66.30354
1.605,66.73382
1.60891,66.78916
1.61196,66.99536
1.61496,67.28838
1.61893,67.46535
1.62193,67.51202
1.62493,67.85007
1.62889,68.22047
1.63189,68.35475
1.635,68.57166
1.63891,68.5524
1.64191,68.9174
1.64502,69.0776
1.64887,69.35768
1.65188,69.45718
1.65504,69.63513
1.65879,69.93471
1.66189,70.12818
1.66511,70.30408
1.6687,70.50314
1.67191,70.81619
1.67518,71.1106
1.67861,71.06451
1.68193,71.43674
1.6852,71.39928
1.68852,71.61693
1.692,71.96595
1.69521,71.98811
1.69848,72.33011
1.70207,72.5434
1.70523,72.73981
1.70845,72.97063
1.71209,73.22517
1.71525,73.29504
1.71841,73.55102
1.72205,73.74589
1.72521,73.99352
1.72837,74.06104
1.73207,74.43826
1.73523,74.56996
1.73839,74.81448
1.74214,75.02771
1.74525,75.21854
1.74836,75.22145
1.75216,75.68146
1.75527,75.75027
1.75832,75.85105
1.76223,76.16667
1.76529,76.47106
1.76829,76.50005
1.7723,76.86415
1.77525,76.95899
1.7783,77.05348
1.78227,77.46993
1.78521,77.63376
1.78827,77.72524
1.79229,78.09956
1.79523,78.01356
1.79834,78.39546
1.80225,78.47666
1.8052,78.62811
1.80836,79.01376
1.81221,79.1245
1.81521,79.28242
1.81843,79.67127
1.82212,79.80305
1.82529,79.90596
1.82845,79.92638
1.83204,80.14465
1.83525,80.4873
1.83846,80.49026
1.842,80.77154
1.84532,80.92945
1.84848,81.14912
1.85196,81.34282
1.85534,81.5575
1.8585,81.69313
1.86193,81.95641
1.86536,82.19262
1.86852,82.21799
1.87184,82.5712
1.87532,82.66251
1.87859,82.88324
1.8818,82.85095
1.88539,83.26415
1.88855,83.284
1.89171,83.45085
1.89546,83.78704
1.89862,83.99855
1.90168,84.10971
1.90554,84.35811
1.90859,84.36235
1.91164,84.7454
1.91561,84.81887
1.91855,85.01334
1.92161,85.19845
1.92562,85.55009
1.92857,85.46651
1.93162,85.62616
1.93559,85.92532
1.93854,86.0256
1.94164,86.1361
1.94561,86.63859
1.9485,86.62296
1.95166,86.73724
1.95557,87.00679
1.95857,87.15926
1.96168,87.43155
1.96559,87.4976
1.96859,87.7056
1.9717,87.7797
1.9755,87.90643
1.97861,88.33233
1.98171,88.3898
1.98552,88.6081
1.98857,88.83617
1.99173,89.04476
1.99543,89.31722
1.99859,89.40936
2.00175,89.37487
2.00539,89.81857
2.00861,89.93513
2.01182,89.98754
2.01536,90.19579
2.01863,90.39252
2.02184,90.50266
2.02527,90.57938
2.02859,90.92052
2.03186,90.91612
2.03518,91.23872
2.03871,91.44062
2.04193,91.64667
2.04514,91.73769
2.04873,91.95505
2.05189,92.00317
2.05505,92.12888
2.05875,92.76008
2.06191,92.43524
2.06507,92.87354
2.06882,92.9939
2.07188,93.19041
2.07504,93.43134
2.07889,93.70904
2.08189,93.50439
2.085,93.83088
2.08886,93.9357
2.09191,94.11969
2.09502,94.2467
2.09893,94.36974
2.10193,94.53334
2.10498,94.64795
2.10889,95.03669
2.11195,95.14956
2.11495,95.39944
2.11896,95.62292
2.12191,95.75275
2.12496,96.17677
2.12893,96.16222
2.13188,96.16867
2.13504,96.31769
2.13889,96.48402
2.14189,96.85156
2.14505,96.88824
2.14886,97.04966
2.15191,97.35315
2.15507,97.24646
2.15877,97.44878
2.16188,97.74026
2.16514,97.93497
2.16873,98.1786
2.17189,98.22239
2.17516,98.26494
2.17864,98.57122
2.18196,98.78026
2.18523,98.85111
2.18861,98.96589
2.19198,99.33283
2.1952,99.3737
2.19857,99.4257
2.20205,99.80669
2.20521,99.97038
2.20848,100.10616
2.21202,100.3082
2.21523,100.14446
2.21845,100.56095
2.22209,100.71657
2.22525,100.77394
2.22841,100.9904
2.23211,101.28697
2.23527,101.15593
2.23838,101.54841
2.24218,101.81812
2.24523,101.75135
2.24834,101.85445
2.2522,102.14102
2.25525,102.24876
2.2583,102.37745
2.26227,102.55001
2.26527,102.89301
2.26827,102.90915
2.27229,103.15494
2.27523,103.26523
2.27829,103.36275
2.2823,103.71558
2.28525,103.59534
2.2883,103.88081
2.29227,104.09947
2.29521,104.13476
2.29832,104.32245
2.30223,104.47126
2.30523,104.69687
2.30839,104.90783
2.31214,104.93191
2.3152,105.29053
2.31841,105.25798
2.32211,105.47308
2.32527,105.66872
2.32843,105.5384
2.33202,105.99139
2.33529,106.11926
2.3385,106.2661
2.34198,106.29842
2.3453,106.59905
2.34846,106.5472
2.35189,106.93623
2.35532,106.90333
2.35854,107.24265
2.36191,107.24365
2.36534,107.47805
2.36855,107.47521
2.37182,107.71183
2.37536,107.99746
2.37857,108.05959
2.38184,108.21902
2.38538,108.42199
2.38859,108.55478
2.39175,108.7247
2.39545,108.79637
2.39861,108.97533
2.40171,108.8969
2.40546,109.22466
2.40863,109.40935
2.41168,109.562
2.41554,109.80613
2.41859,109.92466
2.42164,109.65033
2.42555,110.23138
2.42855,110.21145
2.43161,110.43184
2.43563,110.49884
2.43857,110.79644
2.44168,110.97343
2.44559,111.04601
2.44859,111.13053
2.45164,111.43688
2.45561,111.2897
2.45855,111.50065
2.46166,111.75122
2.46557,111.88715
2.46863,112.04382
2.47168,111.9791
2.47554,112.32558
2.47859,112.61246
2.4817,112.46077
2.4855,112.79604
2.48861,112.87536
2.49171,112.99576
2.49546,113.18699
2.49857,113.21362
2.50179,113.36047
2.50543,113.72032
2.50859,113.71381
2.5118,113.79938
2.51529,113.88107
2.51861,114.2636
2.52188,114.27101
2.52525,114.33009
2.52868,114.49081
2.53189,114.65512
2.53511,114.64323
2.5387,115.01924
2.54196,115.20948
2.54513,115.16325
2.54877,115.42212
2.55193,115.37144
2.55504,115.39256
2.55879,116.03823
2.56189,116.01363
2.565,116.10954
2.56886,116.26399
2.57191,116.24596
2.57502,116.60017
2.57888,116.60294
2.58188,116.70111
2.58498,116.87283
2.58889,117.06534
2.59189,117.24254
2.595,117.41948
2.59891,117.6208
2.60191,117.66429
2.60496,117.7515
2.60893,117.81371
2.61193,118.04578
2.61498,118.14351
2.61889,118.38908
2.62189,118.4762
2.625,118.61196
2.62896,118.84798
2.63191,118.89275
2.63496,118.9828
2.63893,119.18217
2.64188,119.21861
2.64504,119.23605
2.64889,119.51444
2.65189,119.69601
2.65505,119.84
2.6588,120.12185
2.66186,120.26839
2.66513,120.21075
2.66877,120.33929
2.67188,120.46564
2.67514,120.52879
2.67863,120.6665
2.68195,120.90214
2.68521,121.05425
2.68859,121.17727
2.69202,121.49545
2.69518,121.3496
2.6985,121.56981
2.70204,121.75645
2.7052,121.76431
2.70852,122.08488
2.71205,122.24448
2.71521,122.21684
2.71848,122.37837
2.72207,122.36436
2.72523,122.65704
2.72839,122.76032
2.73214,122.93328
2.7352,123.05398
2.73836,123.22364
2.74216,123.28374
2.74527,123.21409
2.74832,123.36988
2.75223,123.70221
2.75529,123.8616
2.75829,123.98331
2.7623,124.16608
2.76525,124.21494
2.7683,124.27805
2.77232,124.48064
2.77521,124.4552
2.77832,124.83171
2.78229,124.85017
2.78523,124.91081
2.78834,125.23126
2.7923,125.49852
2.7952,125.44653
2.79836,125.42039
2.80221,125.70963
2.80521,125.83848
2.80838,125.87319
2.81218,126.10213
2.81523,126.17226
2.81839,126.48971
2.82214,126.4598
2.82525,126.44998
2.82846,126.88058
2.83205,126.94466
2.83527,126.95776
2.83843,127.25168
2.84202,127.05327
2.84529,127.58979
2.84845,127.41029
2.85198,127.52312
2.8553,127.81585
2.85852,127.71941
2.86195,127.85182
2.86532,128.11006
2.86854,128.23294
2.87191,128.2216
2.87534,128.47818
2.87855,128.36749
2.88182,128.57774
2.88536,128.89169
2.88857,128.84154
2.89173,129.16528
2.89543,129.15738
2.89859,129.29543
2.9017,129.43233
2.9055,129.66959
2.90861,129.90146
2.91166,129.99821
2.91552,129.90385
2.91857,130.01546
2.92163,130.28828
2.92559,130.3541
2.92854,130.37561
2.93164,130.45461
2.93561,130.771
2.93855,130.77602
2.94166,130.94119
2.94562,131.19707
2.94857,131.2906
2.95168,131.35703
2.95559,131.53561
2.95854,131.53815
2.96164,131.68904
2.96555,131.95905
2.96855,131.91374
2.97171,132.30298
2.97552,132.23291
2.97862,132.35745
2.98173,132.35988
2.98548,132.6431
2.98859,132.56969
2.99175,132.77551
2.99539,132.82895
2.99861,133.16846
3.00182,132.99734
3.00536,133.20473
3.00857,133.54907
3.01184,133.51234
3.01527,133.72868
3.01859,133.97571
3.02186,133.82631
3.02523,133.99965
3.02866,134.30841
3.03187,134.27493
3.0352,134.44531
3.03868,134.53763
3.04189,134.6951
3.04516,134.71449
3.04875,135.00577
3.05191,135.08235
3.05512,135.22055
3.05877,135.4343
3.06193,135.40952
3.06504,135.65251
3.06884,135.78616
3.07189,135.82698
3.075,135.87733
3.07886,136.29648
3.08191,136.22191
3.08502,136.27206
3.08887,136.54707
3.09193,136.5043
3.09498,136.72809
3.09889,136.95833
3.10189,136.85524
3.10495,136.99222
3.10891,137.37781
3.11196,137.65007
3.11496,137.50084
3.11893,137.63487
3.12193,137.66507
3.12498,137.94212
3.12895,137.9175
3.13189,138.10884
3.135,138.02402
3.13891,138.40843
3.14191,138.34009
3.14502,138.56496
3.14887,138.69931
3.15188,138.84944
3.15509,138.84178
3.15879,138.97459
3.16189,139.08318
3.16516,139.2419
3.1687,139.52592
3.17191,139.69957
3.17518,139.67107
3.17855,139.73643
3.18198,139.87476
3.1852,139.95721
3.18852,140.10252
3.19205,140.42003
3.19521,140.33905
3.19848,140.42705
3.20207,140.74992
3.20523,140.61569
3.20845,140.73167
3.21209,141.19972
3.21525,141.12672
3.21846,141.18279
3.22211,141.44402
3.22521,141.45511
3.22837,141.291
3.23207,141.84851
3.23523,141.85863
3.23839,141.99249
3.24214,142.19888
3.24525,142.08817
3.24836,142.3811
3.25221,142.61246
3.25527,142.5126
3.25832,142.59998
3.26223,142.91299
3.26529,142.82623
3.26829,142.98689
3.2723,143.33185
3.27525,143.34755
3.27825,143.37259
3.28227,143.59126
3.28521,143.60844
3.28827,143.75531
3.29229,143.80618
3.29523,144.1058
3.29834,144.11003
3.30225,144.38449
3.3052,144.42551
3.30836,144.46426
3.31221,144.63928
3.31521,144.94427
3.31843,144.94446
3.32212,144.81279
3.32523,145.10588
3.32839,145.17944
3.33209,145.35759
3.3353,145.50774
3.33841,145.53214
3.342,145.83951
3.34527,145.85043
3.34848,145.80312
3.35196,146.03984
3.35534,146.21912
3.3585,146.2567
3.36193,146.3237
3.3653,146.42944
3.36852,146.69603
3.37184,146.70537
3.37538,146.92218
3.37854,146.96278
3.3818,146.95908
3.38539,147.21576
3.38861,147.28987
3.39171,147.23065
3.39546,147.69728
3.39862,147.62773
3.40168,147.59331
3.40554,148.01839
3.40864,148.01909
3.41164,148.15401
3.41561,148.31029
3.41855,148.37965
3.42161,148.39636
3.42562,148.58755
3.42857,148.70631
3.43162,148.74979
3.43564,149.02837
3.43854,149.04974
3.44164,149.15573
3.44561,149.20157
3.44855,149.47336
3.45166,149.37004
3.45557,149.6626
3.45857,149.70432
3.46168,149.92293
3.46554,149.89461
3.46859,150.18279
3.4717,150.25211
3.4755,150.3246
3.47855,150.4527
3.48171,150.72191
3.48552,150.58829
3.48857,150.90277
3.49173,151.00122
3.49543,150.94025
3.49859,151.1235
3.50175,151.2511
3.50539,151.39914
3.50861,151.63643
3.51182,151.74265
3.51536,151.82715
3.51857,152.03749
3.52184,151.86003
3.52527,152.04263
3.52864,152.38773
3.53191,152.28024
3.53518,152.45772
3.53866,152.66096
3.54187,152.58691
3.54514,152.73831
3.54873,153.1082
3.55189,152.92834
3.55505,153.20923
3.5588,153.27202
3.56191,153.34166
3.56507,153.33586
3.56882,153.77176
3.57187,153.71967
3.57504,153.84602
3.57889,153.99539
3.58189,153.95355
3.585,154.02528
3.58891,154.29305
3.59191,154.34413
3.59502,154.34979
3.59893,154.64198
3.60187,154.9359
3.60498,154.82034
3.60889,154.97212
3.61195,155.05855
3.615,155.41898
3.61896,155.41066
3.62191,155.61168
3.62502,155.56677
3.62893,155.64941
3.63193,155.91724
3.63504,155.91278
3.63889,156.30507
3.64189,156.25728
3.64505,156.29277
3.64886,156.31189
3.65186,156.61208
3.65507,156.75508
3.65877,156.5968
3.66187,156.71976
3.66514,157.04416
3.66873,157.2455
3.67189,157.28839
3.67516,157.44803
3.67864,157.68633
3.68191,157.79962
3.68518,157.83028
3.68861,157.92993
3.69198,158.01694
3.6952,158.13489
3.69857,158.00549
3.70205,158.49016
3.70521,158.41864
3.70848,158.6144
3.71207,158.94131
3.71523,158.76958
3.71845,159.02521
3.72209,159.17438
3.7252,159.14024
3.72841,159.31644
3.73205,159.49704
3.73527,159.62733
3.73837,159.67091
3.74212,159.76625
3.74529,159.97403
3.74834,159.86354
3.7522,160.34004
3.7553,160.29292
3.7583,160.21202
3.76221,160.53435
3.76527,160.5455
3.76827,160.71039
3.77229,161.05396
3.77523,160.9382
3.77829,161.076
3.7823,161.25125
3.7852,161.41011
3.7883,161.61256
3.79232,161.59785
3.79521,161.75154
3.79832,161.88188
3.80223,161.89076
3.80523,162.02991
3.80839,162.01195
3.81214,162.18306
3.81525,162.58266
3.81841,162.36169
3.82205,162.5127
3.82527,162.78668
3.82843,162.92665
3.83202,163.01808
3.83529,163.09384
3.8385,163.15584
3.84198,163.32646
3.8453,163.55699
3.84852,163.58997
3.85189,163.81096
3.85532,164.03
3.85854,164.07181
3.86191,163.97606
3.86534,164.19754
3.86855,164.28793
3.87182,164.42474
3.87536,164.63542
3.87857,164.7554
3.88184,164.84911
3.88537,164.91919
3.88859,165.02499
3.89175,164.99921
3.89545,165.28531
3.89861,165.34386
3.90171,165.45274
3.90546,165.72397
3.90857,165.80695
3.91168,166.05441
3.91554,166.15689
3.91859,166.06468
3.92164,166.07922
3.92555,166.34236
3.92855,166.53178
3.93166,166.59338
3.93562,166.74274
3.93857,166.55136
3.94162,166.99902
3.94559,167.22278
3.94854,167.2606
3.95164,167.19968
3.95561,167.35551
3.95855,167.4247
3.96166,167.56441
3.96557,167.85356
3.96857,167.79536
3.97173,167.88858
3.97554,168.0284
3.97859,168.12636
3.9817,168.36806
3.9855,168.51175
3.98855,168.55122
3.99171,168.72009
3.99546,168.79852
3.99857,169.00008
4.00179,168.96303
4.00537,169.10863
4.00859,169.29509
4.0118,169.36208
4.01529,169.36476
4.01861,169.74309
4.02187,169.83179
4.0252,169.81558
4.02868,169.85405
4.03189,170.04153
4.03511,170.2439
4.0387,170.28918
4.04191,170.44151
4.04507,170.55051
4.04877,170.69162
4.05193,170.89905
4.05504,170.7121
4.05884,170.96143
4.06189,171.11107
4.065,171.31157
4.0688,171.51534
4.07191,171.54187
4.07502,171.63498
4.07882,171.97792
4.08187,171.93379
4.08498,171.95961
4.08889,172.24384
4.09189,172.34567
4.095,172.1898
4.09891,172.63435
4.10191,172.55528
4.10496,172.64378
4.10893,172.78473
4.11193,172.79039
4.11498,173.07086
4.11895,173.21835
4.12195,173.23033
4.125,173.40277
4.12891,173.49232
4.13191,173.60455
4.13496,173.67123
4.13888,173.8952
4.14188,173.96877
4.14498,174.04228
4.14889,174.30367
4.15189,174.30614
4.15505,174.36528
4.15886,174.53777
4.16186,174.6692
4.16512,174.69022
4.16877,174.79427
4.17187,175.00851
4.17514,175.24965
4.17863,175.18581
4.18195,175.40462
4.18516,175.54967
4.18859,175.52158
4.19196,175.78336
4.19518,175.86617
4.1985,176.09085
4.20204,176.22812
4.2052,176.17705
4.20852,176.34688
4.21205,176.57976
4.21521,176.68501
4.21848,176.59293
4.22207,176.75037
4.22523,176.84523
4.22839,177.04291
4.23209,177.13347
4.23525,177.10161
4.23836,177.38704
4.24216,177.51195
4.24527,177.70834
4.24832,177.49208
4.25223,177.8653
4.25529,177.94734
4.25829,177.98003
4.2623,178.20743
4.26525,178.18439
4.2683,178.26915
4.27232,178.53189
4.27521,178.58998
4.27832,178.67059
4.28229,178.85422
4.28523,178.87161
4.28834,179.07262
4.2923,179.26593
4.2952,179.14439
4.29836,179.42781
4.30221,179.50906
4.30516,179.71568
4.30837,179.78609
4.31218,179.63939
4.31523,180.06752
4.31845,180.08913
4.32209,180.14253
4.32525,180.11955
4.32846,180.49362
4.33205,180.42747
4.33527,180.65932
4.33848,180.71672
4.34202,180.91194
4.34529,180.86682
4.34845,181.07991
4.35198,181.15472
4.3553,181.49875
4.35852,181.31541
4.36195,181.43893
4.36532,181.86554
4.36854,181.81091
4.37186,181.90018
4.37534,182.24719
4.37855,182.30058
4.38182,182.21503
4.38536,182.33008
4.38857,182.42549
4.39173,182.53384
4.39543,182.7316
4.39864,182.78603
4.4017,183.08191
4.40545,183.11708
4.40861,183.32527
4.41166,183.19354
4.41557,183.46114
4.41857,183.40816
4.42163,183.41484
4.42559,183.84119
4.42854,184.00366
4.43164,184.07596
4.43561,184.13066
4.43855,184.06291
4.44166,184.26823
4.44562,184.52684
4.44852,184.4494
4.45168,184.76891
4.45559,184.88518
4.45859,185.02917
4.4617,185.00955
4.46555,185.01569
4.46861,185.23705
4.47171,185.3907
4.47552,185.4948
4.47862,185.5094
4.48173,185.61414
4.48543,185.86491
4.48859,185.92278
4.49175,185.96725
4.49539,186.38641
4.49861,186.20441
4.50177,186.34479
4.50541,186.41467
4.50857,186.51678
4.51184,186.66159
4.51532,186.81921
4.51859,186.92101
4.52186,186.9509
4.52523,186.99242
4.52866,187.17264
4.53188,187.48456
4.5352,187.6736
4.53868,187.79829
4.54195,187.80757
4.54516,187.51968
4.54875,188.18636
4.55191,187.98578
4.55513,187.95322
4.55877,188.33919
4.56193,188.27423
4.56504,188.23109
4.56884,188.61258
4.57189,188.66371
4.575,188.7934
4.57886,189.11148
4.58191,189.01927
4.58502,189.22919
4.58887,189.40843
4.59193,189.26472
4.59498,189.58168
4.59895,189.69376
4.60189,189.72842
4.60495,189.798
4.60891,190.0378
4.61196,190.01254
4.61496,190.11978
4.61893,190.34068
4.62193,190.35513
4.62493,190.53627
4.62895,190.88312
4.63189,190.61676
4.635,190.99055
4.63891,191.08537
4.64191,190.97668
4.64502,191.23766
4.64887,191.24971
4.65188,191.33736
4.65509,191.44087
4.65879,191.71686
4.66189,191.87268
4.66516,191.78085
4.66864,192.08022
4.67191,192.01405
4.67518,192.23862
4.67861,192.27332
4.68198,192.7075
4.6852,192.71924
4.68852,192.5744
4.69205,192.98161
4.69521,192.88364
4.69848,193.12376
4.70207,193.14458
4.70523,193.17136
4.70845,193.1718
4.71204,193.54469
4.71525,193.66869
4.71846,193.74451
4.72205,193.84001
4.72521,193.95813
4.72837,193.90417
4.73207,194.35284
4.73523,194.54988
4.73839,194.36855
4.74214,194.56863
4.74525,194.65372
4.7483,194.58809
4.75216,194.97166
4.75527,194.95682
4.75832,195.08624
4.76223,195.3804
4.76529,195.28156
4.76829,195.46126
4.7723,195.51567
4.77525,195.73257
4.7783,195.60365
4.78232,195.78604
4.78521,196.04631
4.78827,196.03926
4.79229,196.27202
4.79518,196.22815
4.79834,196.36374
4.80225,196.82658
4.8052,196.75262
4.80836,196.84442
4.81221,196.97711
4.81521,197.00374
4.81843,197.15308
4.82212,197.05661
4.82529,197.23526
4.82845,197.44771
4.83209,197.61011
4.83525,197.51311
4.83846,197.88466
4.842,197.82076
4.84527,197.9584
4.84848,197.98445
4.85196,198.32072
4.85529,198.33101
4.8585,198.4828
4.86193,198.65524
4.8653,198.73402
4.86852,198.73788
4.87184,198.84758
4.87537,199.11823
4.87854,199.10468
4.88175,199.25339
4.88545,199.46065
4.88861,199.44151
4.89166,199.72066
4.89546,199.69252
4.89863,199.92412
4.90168,199.90007
4.90554,200.19986
4.90859,200.21739
4.91164,200.41782
4.91561,200.51233
4.91855,200.49818
4.92166,200.67175
4.92562,200.7713
4.92857,200.81256
4.93162,201.01248
4.93559,201.17616
4.93854,201.48973
4.94164,201.35522
4.94561,201.70151
4.9485,201.42964
4.95166,201.77844
4.95557,202.00278
4.95857,202.01331
4.96168,202.10083
4.96554,202.2771
4.96859,202.4903
4.9717,202.63518
4.9755,202.6881
4.97855,202.71494
4.98171,202.83736
4.98552,203.11977
4.98857,203.10721
4.99173,203.18677
4.99543,203.3306
4.99859,203.60358
5.00175,203.52324
5.00539,203.65675
5.00855,204.05893
5.01182,203.93896
5.01536,204.07565
5.01862,204.25742
5.02184,204.11053
5.02527,204.24367
5.02864,204.53633
5.03186,204.51312
5.03518,204.65712
5.03871,204.95215
5.04193,204.88808
5.04514,205.17181
5.04873,205.35414
5.05189,205.2664
5.05505,205.39917
5.0588,205.60527
5.06191,205.50168
5.06507,205.62241
5.06882,205.99094
5.07188,205.78548
5.07504,206.08734
5.07884,206.21468
5.08189,206.47874
5.085,206.34586
5.08891,206.74066
5.09191,206.685
5.09502,206.62466
5.09893,206.90425
5.10193,206.98943
5.10498,207.175
5.10889,207.2471
5.11189,207.32828
5.115,207.50607
5.11896,207.77724
5.12196,207.56686
5.12502,207.91299
5.12893,208.01964
5.13193,208.13069
5.13498,208.18669
5.13889,208.26894
5.14189,208.4474
5.14505,208.75429
5.14886,208.83949
5.15186,208.83939
5.15507,209.00067
5.15877,209.12337
5.16187,209.24763
5.16514,209.16788
5.16873,209.25983
5.17189,209.41705
5.17516,209.54329
5.17864,209.62427
5.18196,209.9689
5.18523,209.94141
5.18861,210.17207
5.19198,210.1859
5.1952,210.26631
5.19852,210.55328
5.202,210.49599
5.20521,210.73056
5.20848,210.78699
5.21207,210.99887
5.21523,210.936
5.21845,211.07159
5.22209,211.29018
5.22525,211.5051
5.22841,211.46191
5.23211,211.68761
5.23527,211.80931
5.23838,211.91409
5.24218,212.20204
5.24523,212.041
5.24834,212.17258
5.2522,212.44514
5.25525,212.508
5.2583,212.56566
5.26221,212.92314
5.26527,212.77408
5.26827,212.99429
5.27229,213.11952
5.27529,213.25365
5.27829,213.18098
5.2823,213.5769
5.28525,213.49854
5.2883,213.65692
5.29227,213.85248
5.29521,213.83551
5.29832,214.03218
5.30223,213.91934
5.30518,214.26331
5.30839,214.52632
5.31214,214.51259
5.31525,214.59497
5.31841,214.65567
5.32205,214.7476
5.32527,215.05606
5.32843,215.00336
5.33202,215.13693
5.33529,215.38795
5.33845,215.37427
5.34198,215.47173
5.34536,215.75342
5.34846,215.84079
5.35189,215.72643
5.35532,216.13359
5.35848,215.96825
5.36191,216.20525
5.36534,216.37263
5.36855,216.60358
5.37182,216.53947
5.37536,216.80762
5.37857,216.92078
5.38184,216.93971
5.38538,217.06346
5.38859,217.31134
5.39175,217.43578
5.39545,217.65286
5.39861,217.71364
5.40171,217.55974
5.40552,217.86684
5.40863,217.923
5.41168,218.04108
5.41554,218.29015
5.41859,218.48831
5.42164,218.33583
5.42555,218.65225
5.42855,218.49559
5.43161,218.89319
5.43563,219.04903
5.43857,219.09064
5.44168,219.21118
5.44559,219.41025
5.44854,219.4765
5.45164,219.59152
5.45561,219.75317
5.45855,219.90373
5.46166,219.81029
5.46557,220.02589
5.46862,220.15166
5.47168,220.26411
5.47553,220.58897
5.47859,220.54227
5.4817,220.67442
5.4855,220.9402
5.48861,220.82832
5.49177,220.87486
5.49546,221.19307
5.49857,221.4566
5.50179,221.34538
5.50537,221.49828
5.50859,221.70116
5.5118,221.65521
5.51529,221.79048
5.51861,221.9662
5.52187,222.16466
5.52525,222.3531
5.52863,222.42528
5.53189,222.33154
5.53511,222.46071
5.53864,222.98251
5.54191,222.84494
5.54513,222.80592
5.54877,223.17911
5.55193,223.14836
5.55504,223.00977
5.55879,223.45908
5.56189,223.4686
5.565,223.69655
5.56886,223.93297
5.57191,223.73773
5.57502,223.98682
5.57882,224.21622
5.58187,224.39447
5.58498,224.3658
5.58889,224.66005
5.59189,224.69225
5.595,224.57532
5.59891,225.01544
5.60191,224.99928
5.60496,225.27631
5.60893,225.33325
5.61193,225.36162
5.61498,225.58298
5.61895,225.68567
5.62189,225.814
5.625,225.92914
5.62896,226.05563
5.63191,226.02277
5.63496,226.35027
5.63893,226.41234
5.64187,226.49149
5.64504,226.6376
5.64889,226.81204
5.65184,226.91035
5.65505,227.01006
5.6588,227.10138
5.66191,227.31905
5.66512,227.37524
5.66871,227.36569
5.67188,227.71388
5.67514,227.80957
5.67868,227.82333
5.68195,228.02525
5.68516,228.18254
5.68859,228.05461
5.69196,228.18445
5.69518,228.43219
5.6985,228.64748
5.70204,228.92992
5.7052,228.87297
5.70852,228.96016
5.71205,229.01517
5.71521,229.08984
5.71848,229.4048
5.72207,229.40913
5.72523,229.50919
5.72839,229.48785
5.73214,229.8893
5.73525,230.00085
5.73836,229.98793
5.74221,230.38115
5.74527,230.27924
5.74832,230.41069
5.75223,230.41341
5.75529,230.6918
5.75829,230.80008
5.7623,230.97963
5.76525,230.94991
5.7683,231.20546
5.77232,231.30441
5.77527,231.29758
5.77832,231.45859
5.78229,231.66025
5.78523,231.81088
5.78834,231.96718
5.7923,232.06673
5.7952,232.02078
5.79836,232.17877
5.80221,232.28748
5.80521,232.55336
5.80843,232.57655
5.81218,232.86557
5.81523,232.97083
5.81845,232.93497
5.82209,232.85953
5.82525,233.17424
5.82846,233.22983
5.83205,233.46317
5.83527,233.59764
5.83848,233.81091
5.84202,233.84837
5.84529,234.02937
5.84845,234.22652
5.85198,234.04639
5.8553,234.17915
5.85852,234.39467
5.86195,234.65193
5.86527,234.834
5.86854,234.78603
5.87191,234.94475
5.87534,235.10297
5.87861,235.07617
5.88182,235.2789
5.88536,235.47319
5.88857,235.56732
5.89179,235.73801
5.89543,235.87527
5.89859,235.93593
5.9017,235.84348
5.9055,236.27104
5.90861,236.2412
5.91161,236.29219
5.91552,236.63727
5.91857,236.68726
5.92162,236.77197
5.92559,237.077
5.92853,237.04492
5.93164,237.03932
5.93561,237.45099
5.93855,237.44708
5.94166,237.45538
5.94562,237.85892
5.94857,237.80733
5.95168,237.96584
5.95559,237.9498
5.95859,238.19835
5.96164,238.45692
5.9655,238.33733
5.96861,238.57202
5.97171,238.70731
5.97552,238.90561
5.97857,238.89
5.98173,238.9939
5.98548,239.23737
5.98859,239.25589
5.99175,239.42194
5.99539,239.52722
5.99861,239.62233
6.00177,239.77837
6.00536,239.81007
6.00857,240.03955
6.01184,240.17992
6.01527,240.28259
6.01859,240.49896
6.02186,240.71332
6.02529,240.8206
6.02866,240.91817
6.03187,240.89578
6.0352,240.99081
6.03868,241.26643
6.04189,241.26169
6.04516,241.4976
6.04875,241.64035
6.05191,241.71434
6.05507,241.94347
6.05882,241.99191
6.06187,242.21356
6.06504,242.0374
6.06879,242.54585
6.07189,242.44859
6.075,242.47765
6.07886,242.95988
6.08191,242.84491
6.08502,242.82541
6.08887,243.38255
6.09193,243.34944
6.09498,243.34729
6.09895,243.60345
6.10189,243.66341
6.105,243.77832
6.10891,244.0535
6.11196,244.0542
6.11496,244.25343
6.11893,244.45125
6.12193,244.23268
6.12493,244.53056
6.12895,244.54881
6.13189,244.9278
6.135,245.15125
6.13891,245.14684
6.14186,245.20291
6.14502,245.43311
6.14887,245.46494
6.15188,245.62225
6.15509,245.76106
6.15879,246.03221
6.16189,246.14012
6.16516,246.03937
6.1687,246.16188
6.17191,246.33095
6.17518,246.52415
6.17855,246.65501
6.18198,246.75375
6.1852,246.98407
6.18852,247.05434
6.19205,247.29034
6.19521,247.42422
6.19848,247.56018
6.20207,247.68286
6.20523,247.76453
6.20845,247.73592
6.21209,248.02864
6.2152,248.13777
6.21846,248.11743
6.22205,248.48573
6.22521,248.57999
6.22837,248.50829
6.23212,249.0473
6.23523,248.89703
6.23839,248.98631
6.24214,249.36478
6.24525,249.37859
6.24836,249.55516
6.25221,249.66035
6.25527,249.82832
6.25832,249.71495
6.26223,249.91873
6.26529,250.17273
6.26829,250.36496
6.2723,250.43344
6.27525,250.57596
6.27825,250.81915
6.28227,250.96075
6.28521,250.81708
6.28827,251.00534
6.29234,251.08142
6.29523,251.30586
6.29834,251.56
6.30225,251.4894
6.3052,251.78696
6.30836,251.81097
6.31221,251.91092
6.31521,252.14265
6.31837,252.15234
6.32212,252.28972
6.32523,252.49294
6.32845,252.6459
6.33209,252.76654
6.33525,252.88293
6.33846,253.02859
6.342,253.23274
6.34527,253.42484
6.34848,253.40807
6.35196,253.52873
6.35529,253.93771
6.3585,253.90506
6.36193,253.94009
6.3653,253.95647
6.36852,254.07283
6.37189,254.34027
6.37538,254.58119
6.37859,254.55705
6.3818,254.74844
6.38539,255.04803
6.38861,255.0331
6.39171,255.16176
6.39546,255.38704
6.39862,255.3378
6.40168,255.63132
6.40554,255.6902
6.40859,255.71567
6.41164,255.94005
6.41561,256.19357
6.41861,256.26276
6.42161,256.17136
6.42563,256.48688
6.42857,256.50006
6.43162,256.71115
6.43559,256.98996
6.43854,257.08554
6.44164,257.10461
6.44561,257.57825
6.44855,257.56943
6.45166,257.62534
6.45557,257.68539
6.45857,257.99066
6.46168,258.00217
6.46554,258.19586
6.46859,258.37445
6.4717,258.41068
6.47555,258.57684
6.47861,258.80664
6.48171,258.6832
6.48552,258.82114
6.48857,258.93491
6.49173,259.06375
6.49543,259.25751
6.49854,259.59744
6.50175,259.65204
6.50539,259.84494
6.50861,259.88138
6.51182,260.02582
6.51536,260.14771
6.51863,260.27777
6.52184,260.33902
6.52527,260.53302
6.52864,260.64365
6.53186,260.815
6.53523,260.91885
6.53866,261.07773
6.54193,261.23575
6.54514,261.46408
6.54873,261.6456
6.55189,261.47861
6.55505,261.83185
6.55875,262.14783
6.56191,262.01813
6.56507,262.37119
6.56887,262.44885
6.57188,262.31494
6.57504,262.43787
6.57884,262.82718
6.58189,262.8056
6.585,262.96091
6.58891,263.29437
6.59191,263.43234
6.59502,263.34869
6.59893,263.40018
6.60188,263.61295
6.60498,263.73273
6.60895,264.08932
6.61195,264.13013
6.615,264.21182
6.61896,264.41956
6.62191,264.37845
6.62496,264.85571
6.62893,264.80505
6.63187,264.74673
6.63504,265.06256
6.63889,265.31943
6.64189,265.23938
6.64505,265.38251
6.64886,265.70221
6.65191,265.66656
6.65507,265.99341
6.65877,266.04437
6.66188,266.16547
6.66514,266.12643
6.66873,266.55371
6.67189,266.45865
6.67516,266.67819
6.67864,266.89725
6.68196,267.08044
6.68518,266.95367
6.68861,267.25623
6.69198,267.52957
6.6952,267.32721
6.69857,267.65863
6.70205,267.81937
6.70521,267.9953
6.70848,268.11319
6.71207,268.24701
6.71518,268.38809
6.71845,268.63858
6.72209,268.59476
6.72525,268.83511
6.72846,268.86469
6.73211,269.20789
6.73527,269.108
6.73837,269.16724
6.74218,269.67087
6.74523,269.55746
6.74834,269.75858
6.7522,269.83987
6.7553,269.85394
6.7583,270.20047
6.76221,270.36087
6.76527,270.31238
6.76827,270.74734
6.77229,270.69885
6.77529,270.80322
6.77829,270.90213
6.78236,271.1843
6.7852,271.36658
6.7883,271.2088
6.79232,271.57019
6.79521,271.74533
6.79832,271.72787
6.80223,272.10992
6.80518,272.0054
6.80839,272.20544
6.81214,272.45184
6.81525,272.58414
6.81841,272.53693
6.82205,272.69397
6.82521,272.99243
6.82848,272.94116
6.83202,273.29709
6.83529,273.32394
6.8385,273.44272
6.84198,273.53177
6.8453,273.86093
6.84846,273.86319
6.85189,273.93887
6.85532,274.09116
6.85848,274.35577
6.86191,274.29324
6.86529,274.53036
6.86855,274.7258
6.87182,274.77094
6.87536,275.08337
6.87857,275.06976
6.88178,275.31479
6.88538,275.49548
6.88859,275.66806
6.89175,275.61884
6.89545,275.91702
6.89861,275.79291
6.90171,276.04489
6.90546,276.2207
6.90863,276.4079
6.91168,276.5903
6.91554,276.69681
6.91854,276.89355
6.92164,276.87637
6.92555,277.01163
6.92855,277.29407
6.93166,277.05734
6.93563,277.62982
6.93857,277.57187
6.94163,277.79425
6.94559,277.84085
6.94854,278.03375
6.95164,278.24326
6.95561,278.31555
6.95855,278.20691
6.96166,278.63364
6.96557,278.93469
6.96857,278.83347
6.97168,279.0679
6.97554,279.12222
6.97859,279.40222
6.9817,279.35242
6.9855,279.6088
6.98861,279.58221
6.99177,279.82098
6.99546,280.08652
6.99857,280.18976
7.00179,280.35562
7.00543,280.34152
7.00859,280.58817
7.0118,280.65613
7.01534,280.80392
7.01861,280.98752
7.02187,281.13074
7.02525,281.1394
7.02868,281.55606
7.03189,281.52579
7.03511,281.53897
7.03864,281.9762
7.04191,281.97498
7.04507,281.97659
7.04877,282.3848
7.05193,282.30478
7.05504,282.55817
7.05879,282.56461
7.06189,282.8237
7.065,282.87582
7.06886,283.3219
7.07191,283.1532
7.07502,283.3974
7.07882,283.5267
7.08188,283.58234
7.08498,283.85019
7.08889,284.13577
7.09189,283.97403
7.095,283.98862
7.09891,284.53946
7.10191,284.4292
7.10496,284.68222
7.10893,284.87299
7.11193,284.82428
7.11498,285.10501
7.11895,285.44098
7.12189,285.40671
7.125,285.53665
7.12891,285.65219
7.13191,285.78839
7.13502,285.991
7.13887,286.02011
7.14188,286.21298
7.14504,286.56506
7.14889,286.50522
7.15189,286.80597
7.15505,286.92273
7.1588,286.97168
7.16186,287.22156
7.16507,287.46777
7.16871,287.59241
7.17188,287.80762
7.17514,287.81964
7.17868,287.9679
7.18195,288.29529
7.18516,288.23398
7.18859,288.41116
7.19196,288.61575
7.19518,288.74857
7.19855,288.80008
7.20204,289.07288
7.2052,289.13235
7.20852,289.29269
7.21205,289.61514
7.21521,289.57187
7.21848,289.8396
7.22207,290.02783
7.22523,290.12274
7.22839,290.21265
7.23214,290.5434
7.23525,290.53745
7.23836,290.65298
7.24216,290.96524
7.24527,291.10901
7.24832,290.94238
7.25223,291.3544
7.25529,291.46564
7.25829,291.5524
7.2623,291.91727
7.26525,291.7616
7.2683,291.93466
7.27232,292.24356
7.27527,292.3317
7.27827,292.57404
7.28229,292.7149
7.28523,292.83035
7.28834,292.90558
7.2923,293.04407
7.2952,293.26456
7.29836,293.3335
7.30221,293.3718
7.30521,293.55566
7.30837,293.90097
7.31218,294.13293
7.31523,293.95233
7.31839,294.19885
7.32214,294.34485
7.32525,294.58643
7.32846,294.6828
7.33205,294.79944
7.33527,294.86496
7.33848,295.23071
7.34202,294.97626
7.34529,295.50125
7.34845,295.34225
7.35198,295.55988
7.3553,295.77451
7.35852,296.01788
7.36195,295.9014
7.36532,296.22156
7.36854,296.40274
7.37186,296.56021
7.37534,296.78091
7.37855,296.85294
7.38182,297.04333
7.38536,297.29529
7.38857,297.19077
7.39173,297.50256
7.39543,297.83572
7.39864,297.85974
7.4017,297.80585
7.4055,298.05682
7.40861,298.28336
7.41166,298.41104
7.41557,298.7113
7.41857,298.74933
7.42162,298.70007
7.42564,299.12625
7.42854,299.16327
7.43164,299.29239
7.43561,299.56015
7.43855,299.77457
7.44166,299.74771
7.44562,300.11893
7.44857,299.97449
7.45168,300.22885
7.45559,300.22461
7.45859,300.43518
7.4617,300.73636
7.4655,300.85458
7.46861,300.97409
7.47171,301.12769
7.47552,301.25546
7.47857,301.56311
7.48173,301.47202
7.48543,301.75845
7.48859,302.0527
7.49175,302.09052
7.49545,302.27426
7.49861,302.34756
7.50177,302.56299
7.50536,302.58777
7.50857,302.88248
7.51184,303.02368
7.51532,303.0065
7.51859,303.3436
7.52186,303.38138
7.52523,303.46326
7.52861,303.81665
7.53187,303.85147
7.5352,303.98364
7.53868,304.194
7.54195,304.42422
7.54516,304.52682
7.54875,304.82214
7.55191,304.88034
7.55512,304.94684
7.55882,305.228
7.56187,305.12567
7.56504,305.39932
7.56879,305.8399
7.57189,305.83307
7.575,305.93024
7.57886,306.16138
7.58191,306.20447
7.58502,306.26163
7.58887,306.66272
7.59193,306.79956
7.59498,306.89264
7.59895,307.37497
7.60189,307.21402
7.60495,307.22821
7.60891,307.5787
7.61196,307.77365
7.61496,307.8392
7.61893,308.07843
7.62193,308.25635
7.62493,308.2193
7.62895,308.47327
7.63189,308.8226
7.635,308.84094
7.63891,308.83838
7.64191,309.11304
7.64502,309.49902
7.64888,309.39447
7.65188,309.51135
7.65509,309.81339
7.65879,309.86099
7.66189,310.17673
7.66511,310.29614
7.6687,310.38452
7.67191,310.4122
7.67518,310.57715
7.67861,310.59247
7.68198,310.74347
7.6852,310.91257
7.68852,311.05981
7.69205,311.37631
7.69521,311.44385
7.69848,311.55222
7.70202,311.73056
7.70518,311.79776
7.70845,311.90225
7.71204,312.30646
7.71525,312.49875
7.71846,312.53992
7.72205,312.77194
7.72521,312.96194
7.72837,312.8215
7.73212,313.19119
7.73523,313.51111
7.73839,313.45267
7.74214,313.60333
7.74525,313.88568
7.74836,313.83221
7.75216,314.42245
7.75527,314.22714
7.75832,314.29825
7.76223,314.81277
7.76529,314.72968
7.76829,314.88702
7.7723,315.29605
7.7752,315.12396
7.7783,315.50128
7.78227,315.74063
7.78521,315.6543
7.78827,315.88416
7.79229,316.14856
7.79523,316.16046
7.79834,316.48431
7.80225,316.51935
7.8052,316.64215
7.80836,316.80225
7.81221,317.20663
7.81521,317.23941
7.81843,317.2316
7.82212,317.56549
7.82523,317.6582
7.82845,317.80814
7.83204,317.98257
7.83525,318.37836
7.83846,318.46246
7.842,318.70889
7.84527,318.70389
7.84848,319.01016
7.85196,318.82614
7.85534,319.41302
7.8585,319.07574
7.86193,319.47803
7.8653,319.89188
7.86852,319.85812
7.87184,319.76987
7.87538,320.17758
7.87853,320.24918
7.8818,320.31155
7.88539,320.86835
7.88861,320.86179
7.89171,320.81552
7.89541,321.06458
7.89862,321.10208
7.90168,321.60849
7.90554,321.74127
7.90859,321.62875
7.91164,321.94122
7.91561,322.17249
7.91861,322.24246
7.92161,322.25131
7.92562,322.72049
7.92857,322.77283
7.93163,322.69089
7.93559,323.2244
7.93854,323.31021
7.94164,323.30795
7.94561,323.68149
7.94855,323.59744
7.95166,323.89194
7.95557,324.19119
7.95857,324.29861
7.96168,324.43057
7.96554,324.677
7.96859,324.90527
7.9717,324.89377
7.9755,325.08353
7.97861,325.38287
7.98171,325.54919
7.98552,325.70392
7.98857,325.97321
7.99173,326.0387
7.99543,326.29156
7.99859,326.50607
8.00175,326.53125
8.00539,326.53992
8.00861,327.0842
8.01182,327.16
8.01536,327.29987
8.01862,327.54724
8.02184,327.72595
8.02527,327.90283
8.02864,328.13733
8.03186,328.31924
8.03518,328.19229
8.03866,328.65283
8.04193,328.49725
8.04514,328.7919
8.04873,329.13776
8.05189,329.08923
8.05505,329.28119
8.05875,329.55685
8.06191,329.66107
8.06507,329.6662
8.06882,330.18616
8.07188,330.21741
8.07504,330.23651
8.07884,330.82303
8.08189,330.54639
8.085,330.95468
8.08891,331.2095
8.09191,331.2449
8.09502,331.35352
8.09893,331.6351
8.10188,331.74545
8.10498,331.69748
8.10889,332.10526
8.11195,332.30988
8.115,332.37848
8.11897,332.63437
8.12191,332.91663
8.12502,333.09344
8.12893,333.311
8.13193,333.46869
8.13498,333.57385
8.13889,333.81934
8.14189,333.90585
8.14505,334.0351
8.14886,334.13922
8.15191,334.45041
8.15507,334.61682
8.15877,334.82864
8.16188,334.90918
8.16514,335.06735
8.16873,335.16953
8.17189,335.56787
8.17516,335.60815
8.17864,335.7113
8.18196,335.92035
8.18523,336.21558
8.18861,336.30978
8.19198,336.45792
8.1952,336.66437
8.19852,336.88733
8.202,337.0271
8.20521,337.08829
8.20848,337.34875
8.21202,337.62579
8.21523,337.62823
8.21845,337.79877
8.22209,338.34363
8.22525,338.16843
8.22841,338.24164
8.23211,338.6275
8.23521,338.86105
8.23837,338.75656
8.24212,339.36475
8.24529,339.20413
8.24834,339.34695
8.2522,339.75644
8.2553,339.90967
8.2583,339.91006
8.26227,340.32339
8.26527,340.33856
8.26827,340.2565
8.27229,340.71313
8.27523,340.89725
8.27829,340.95416
8.2823,341.42184
8.2852,341.37216
8.2883,341.47855
8.29227,341.76816
8.29521,342.05124
8.29832,342.15674
8.30229,342.44293
8.30523,342.5257
8.30839,342.51205
8.31214,342.67862
8.31525,343.01031
8.31841,343.24686
8.32205,343.39929
8.32521,343.68091
8.32843,343.51074
8.33202,343.66586
8.33529,344.18762
8.3385,344.12817
8.34198,344.02319
8.3453,344.47189
8.34846,344.58588
8.35189,344.67365
8.35532,344.94278
8.35854,345.12704
8.36191,345.13586
8.36529,345.483
8.36855,345.50174
8.37182,345.56073
8.37536,346.08707
8.37857,345.95023
8.38184,346.17764
8.38538,346.63535
8.38859,346.49246
8.39175,346.55481
8.39545,347.11551
8.39861,347.30188
8.40171,347.08826
8.40547,347.55838
8.40862,347.66602
8.41168,347.63766
8.41553,348.25919
8.41854,348.11807
8.42164,348.22702
8.42561,348.62531
8.42855,348.70074
8.43161,348.75214
8.43563,349.30737
8.43857,349.28906
8.44168,349.44333
8.44559,349.92346
8.44854,349.99323
8.45164,349.86172
8.45561,350.28775
8.45855,350.35257
8.46166,350.55905
8.46557,350.84097
8.46857,350.90121
8.47168,351.10941
8.47554,351.43161
8.47859,351.565
8.4817,351.6608
8.4855,351.71744
8.48861,351.94324
8.49177,352.11484
8.49546,352.47488
8.49857,352.54254
8.50179,352.65887
8.50537,352.65671
8.50859,352.9505
8.5118,353.02896
8.51529,353.06354
8.51861,353.33521
8.52188,353.33441
8.52525,353.6124
8.52868,353.95935
8.53189,353.74738
8.53516,353.99615
8.5387,354.36374
8.54191,354.48972
8.54507,354.25845
8.54877,355.10339
8.55193,354.76035
8.55504,355.28146
8.55884,355.49829
8.56189,355.60706
8.56505,355.49191
8.5688,355.88815
8.57191,355.948
8.57502,356.01144
8.57888,356.70078
8.58187,356.67758
8.58498,356.76971
8.58889,356.99023
8.59189,357.06628
8.595,357.15857
8.59891,357.58945
8.60191,357.51828
8.60496,357.67273
8.60888,357.75821
8.61193,357.97638
8.61498,358.11185
8.61895,358.43182
8.62189,358.59207
8.625,358.47565
8.62891,358.79773
8.63191,358.97388
8.63496,359.07892
8.63888,359.43576
8.64187,359.36951
8.64504,359.62268
8.64889,359.93405
8.65189,359.92722
8.65505,360.1463
8.6588,360.24048
8.66186,360.49551
8.66512,360.71823
8.66877,360.86215
8.67188,361.14456
8.67514,361.12057
8.67862,361.51437
8.68195,361.56729
8.68516,361.72055
8.68859,362.06519
8.69202,362.22238
8.69518,362.31949
8.6985,362.30652
8.70204,362.8653
8.7052,362.92093
8.70852,362.97702
8.71205,363.35321
8.71521,363.29626
8.71848,363.48868
8.72207,363.88812
8.72523,364.08942
8.72839,364.03967
8.73214,364.48688
8.73525,364.50159
8.73836,364.41199
8.74216,364.98151
8.74527,365.06735
8.74832,365.08475
8.75223,365.57458
8.75529,365.54007
8.75829,365.58887
8.7623,366.0184
8.76525,366.16153
8.7683,366.20911
8.77232,366.54834
8.77521,366.84393
8.77832,366.79721
8.78229,366.94534
8.78523,367.09024
8.78834,367.2037
8.79225,367.58267
8.7952,367.78348
8.79836,367.98352
8.80221,368.31403
8.80521,368.35928
8.80838,368.5752
8.81218,368.85297
8.81523,368.89017
8.81839,368.99704
8.82209,369.35464
8.82525,369.63846
8.82846,369.69055
8.83205,369.70346
8.83527,369.87155
8.83843,370.34454
8.84202,370.33673
8.84528,370.50735
8.84845,370.57501
8.85198,370.71439
8.8553,371.11063
8.85852,371.29611
8.86189,371.09033
8.86532,371.66095
8.86854,371.80576
8.87191,372.0459
8.87534,372.19925
8.87855,372.35126
8.88182,372.45312
8.88541,372.94391
8.88857,372.85516
8.89179,373.21014
8.89543,373.53537
8.89864,373.6933
8.9017,373.78638
8.9055,374.11838
8.90861,374.26172
8.91166,374.26419
8.91557,374.8223
8.91857,374.82645
8.92163,375.09357
8.92564,375.56549
8.92854,375.53326
8.93164,375.62445
8.93561,376.09705
8.93855,376.38983
8.94166,376.32245
8.94563,376.70053
8.94852,376.73404
8.95168,376.81592
8.95559,377.38492
8.95854,377.39935
8.9617,377.57108
8.96555,377.76678
8.96855,378.04422
8.97171,378.10645
8.97552,378.40701
8.97857,378.6857
8.98173,378.93237
8.98548,379.03687
8.98859,379.4097
8.99175,379.64386
8.99539,379.49619
8.99861,380.02179
9.00177,380.2305
9.00536,380.11337
9.00863,380.59195
9.01184,380.82236
9.01532,381.14746
9.01859,381.3223
9.02186,381.35507
9.02529,381.56659
9.02866,382.0062
9.03187,382.12259
9.0352,382.26816
9.03868,382.75726
9.04189,382.88376
9.04511,382.98898
9.04875,383.2489
9.05191,383.37894
9.05513,383.52234
9.05882,383.99783
9.06187,384.17404
9.06504,384.2803
9.06879,384.69894
9.07189,384.66449
9.075,384.81613
9.07886,385.27875
9.08191,385.50104
9.08502,385.62241
9.08887,385.96722
9.09188,386.12909
9.09498,386.27737
9.09889,386.7739
9.10195,386.77173
9.10495,386.82025
9.10891,387.46628
9.11196,387.46967
9.11496,387.86438
9.11893,387.91705
9.12193,388.19867
9.12498,388.34839
9.12889,388.58664
9.13189,388.98761
9.135,389.15717
9.13891,389.39926
9.14186,389.66949
9.14502,389.89352
9.14888,390.21985
9.15188,390.33136
9.15509,390.45209
9.15879,390.84579
9.16189,390.89359
9.16516,391.3302
9.1687,391.33521
9.17191,391.70615
9.17513,391.89117
9.17855,392.25732
9.18198,392.40799
9.1852,392.67111
9.18857,392.99771
9.192,393.52652
9.19521,393.41324
9.19848,393.62216
9.20207,394.0202
9.20523,394.12442
9.20845,394.37292
9.21204,394.75616
9.2152,394.84354
9.21846,394.95538
9.22205,395.59964
9.22521,395.71759
9.22837,395.68793
9.23213,396.2645
9.23523,396.41675
9.23839,396.47906
9.24214,396.89987
9.24525,396.98563
9.24836,397.31442
9.25216,397.59207
9.25527,397.75171
9.25832,397.91998
9.26223,398.21255
9.26523,398.67447
9.26829,398.44955
9.2723,399.05731
9.27525,399.14575
9.2783,399.21707
9.28227,399.5798
9.28521,399.90402
9.28832,399.9877
9.29229,400.30176
9.29523,400.52313
9.29834,400.52167
9.3022,401.15979
9.3052,401.33334
9.30836,401.35495
9.31221,401.74615
9.31521,401.95636
9.31837,401.9725
9.32213,402.37762
9.32529,402.63583
9.32845,402.90356
9.33209,403.10349
9.33525,403.38516
9.33846,403.58142
9.342,403.72491
9.34527,404.20978
9.34848,404.12411
9.35196,404.59698
9.35534,404.87549
9.3585,404.86975
9.36193,405.0618
9.3653,405.6554
9.36852,405.63004
9.37184,405.7254
9.37532,406.1348
9.37854,406.54294
9.3818,406.47833
9.38539,407.0928
9.38861,407.23117
9.39166,407.07675
9.39546,407.60199
9.39863,407.82904
9.40168,407.99609
9.40554,408.42783
9.40859,408.4494
9.41164,408.60059
9.41561,409.32458
9.41855,409.31204
9.42161,409.38019
9.42562,409.95895
9.42857,409.86383
9.43162,410.13165
9.43559,410.48752
9.43854,410.87088
9.44164,410.87177
9.44561,411.38239
9.44855,411.4827
9.45166,411.64249
9.45557,412.05185
9.45857,412.13998
9.46168,412.29144
9.46554,412.76981
9.46859,412.88129
9.4717,412.98199
9.4755,413.65674
9.47855,413.8255
9.48171,413.83994
9.48546,414.19876
9.48857,414.72937
9.49173,414.75104
9.49543,414.75879
9.49859,415.31033
9.50175,415.42886
9.50539,415.67703
9.50861,416.0202
9.51182,416.17267
9.51536,416.41675
9.51863,416.98828
9.52184,416.88699
9.52527,417.18866
9.52864,417.71701
9.53186,417.8042
9.53518,417.92102
9.53871,418.4617
9.54193,418.51428
9.54514,418.56552
9.54873,419.16217
9.55189,419.33994
9.55505,419.45282
9.5588,419.85623
9.56191,420.19922
9.56507,420.01773
9.56882,420.83505
9.57187,420.87271
9.57504,420.98694
9.57884,421.43396
9.58189,421.44986
9.585,421.85971
9.58891,422.16745
9.59191,422.09915
9.59502,422.38931
9.59893,422.79932
9.60193,423.11066
9.60498,423.28601
9.60895,423.58975
9.61195,423.74365
9.615,424.09839
9.61891,424.37796
9.62191,424.58749
9.62496,424.58438
9.62893,425.15335
9.63193,425.38358
9.63498,425.51929
9.63889,425.82483
9.64189,425.97217
9.64505,426.2572
9.64886,426.48495
9.65186,426.86185
9.65507,426.98975
9.65877,427.33365
9.66187,427.69473
9.66509,427.70544
9.66873,428.18701
9.67189,428.39053
9.67516,428.7963
9.67864,428.94159
9.68196,429.05515
9.68518,429.37491
9.68861,429.46915
9.69198,430.08496
9.6952,430.0798
9.69857,430.35098
9.702,430.76193
9.70516,430.86603
9.70848,431.08508
9.71207,431.76993
9.71523,431.68686
9.71845,431.93558
9.72209,432.28632
9.72525,432.37454
9.72841,432.51971
9.73211,433.05344
9.73521,433.22644
9.73838,433.29199
9.74218,433.62088
9.74529,433.85031
9.74834,433.97623
9.7522,434.5
9.7553,434.73999
9.7583,434.97791
9.76227,435.54959
9.76527,435.47324
9.76827,435.79315
9.77229,436.06036
9.77523,436.315
9.77829,436.5769
9.7823,436.58917
9.7852,436.86246
9.7883,437.08575
9.79232,437.46347
9.79521,437.44144
9.79832,437.73828
9.80223,438.21307
9.80518,438.29712
9.80839,438.63705
9.81214,438.96616
9.8152,438.94635
9.81841,439.39828
9.82205,439.55862
9.82527,439.81186
9.82843,440.16565
9.83202,440.30359
9.83529,440.67975
9.8385,441.06012
9.84198,441.13876
9.8453,441.67761
9.84846,441.82214
9.85195,442.01273
9.85532,442.43866
9.85854,442.45117
9.86191,442.88779
9.86534,443.28552
9.86855,443.46378
9.87182,443.45883
9.87536,444.00275
9.87857,444.1315
9.88184,444.20099
9.88538,444.88757
9.88859,444.8822
9.89175,445.08994
9.89539,445.67477
9.89861,445.86533
9.90171,445.94794
9.90552,446.36307
9.90862,446.45007
9.91168,446.67996
9.91553,447.03339
9.91854,447.32999
9.92164,447.44064
9.92555,447.88458
9.92855,447.9931
9.93161,448.06018
9.93563,448.7514
9.93857,448.59702
9.94163,448.84384
9.94559,449.29749
9.94854,449.18036
9.95164,449.44412
9.95561,450.08893
9.95855,450.15814
9.96166,450.26648
9.96557,450.60468
9.96857,450.89539
9.97168,451.1178
9.97554,451.31027
9.97859,451.57047
9.9817,451.79626
9.9855,452.16046
9.98861,452.30267
9.99177,452.75021
9.99546,453.17792
9.99857,453.37442
10.00179,453.73288
10.00537,453.64896
10.00859,454.46558
10.0118,454.4834
10.01529,454.75784
10.01861,455.00485
10.02187,455.41516
10.02525,455.58087
10.02868,456.22079
10.03189,456.50742
10.03516,456.4118
10.0387,457.09256
10.04191,457.33575
10.04507,457.44873
10.04882,457.97437
10.05193,458.29483
10.05504,458.3779
10.05879,458.84167
10.06189,458.91534
10.065,459.2373
10.06886,459.7673
10.07191,459.91046
10.07502,460.02982
10.07888,460.69379
10.08187,460.7178
10.08498,460.76392
10.08889,461.62308
10.09189,461.51691
10.095,461.91956
10.09891,462.28809
10.10191,462.43896
10.10502,462.73981
10.10888,463.42194
10.11193,463.65512
10.11498,463.78952
10.11895,464.49954
10.12189,464.49997
10.125,464.72266
10.12891,465.15216
10.13191,465.4574
10.13496,465.81818
10.13888,466.0929
10.14187,466.49017
10.14504,466.53986
10.14889,466.92664
10.15189,467.37405
10.15505,467.58392
10.1588,467.84192
10.16191,468.22858
10.16512,468.44037
10.16871,468.8183
10.17193,469.26654
10.17514,469.603
10.17868,469.8306
10.18195,470.20963
10.18516,470.33289
10.18859,470.41861
10.19196,470.99399
10.19518,471.43887
10.19855,471.41718
10.20198,472.11221
10.2052,472.26978
10.20852,472.45038
10.21211,473.09747
10.21521,473.31271
10.21848,473.70242
10.22207,474.16745
10.22523,474.35452
10.22839,474.49854
10.23209,474.93869
10.23525,475.41602
10.23836,475.41736
10.24216,476.14368
10.24527,476.51294
10.24832,476.61542
10.25223,477.17554
10.25529,477.34485
10.25829,477.75171
10.2623,478.30063
10.26525,478.29163
10.2683,478.52716
10.27232,479.0773
10.27522,479.30215
10.27832,479.63596
10.28229,479.90503
10.28523,480.36401
10.28829,480.83459
10.29225,480.93405
10.2952,481.14023
10.29836,481.47574
10.30221,481.85327
10.30521,482.40439
10.30837,482.50397
10.31218,482.85016
10.31523,483.17972
10.31839,483.40106
10.32214,483.77322
10.32525,484.17752
10.32846,484.42969
10.33211,484.67947
10.33521,485.13583
10.33848,485.47714
10.34202,485.76559
10.34529,486.28204
10.34845,486.46844
10.35198,486.77533
10.3553,486.9227
10.35852,487.43109
10.36189,487.64545
10.36532,488.13885
10.36854,488.26532
10.37191,488.50189
10.37539,489.34653
10.37855,489.3848
10.38182,489.60098
10.38536,490.20889
10.38857,490.43607
10.39173,490.58716
10.39548,491.27213
10.39864,491.35168
10.4017,491.43982
10.4055,492.07031
10.40855,492.32806
10.41166,492.41989
10.41557,493.02695
10.41857,493.29013
10.42163,493.35184
10.42559,494.12219
10.42854,494.37393
10.43164,494.30817
10.43561,495.27103
10.43855,495.25912
10.44166,495.58511
10.44562,496.14603
10.44852,496.49466
10.45168,496.41034
10.45559,496.97003
10.45854,497.34079
10.4617,497.63492
10.4655,498.0571
10.46855,498.50418
10.47171,498.58472
10.47552,498.93915
10.47857,499.40994
10.48173,499.71393
10.48548,500.01227
10.48859,500.38873
10.49175,500.8746
10.49539,501.02515
10.49861,501.33728
10.50177,501.63327
10.50536,501.8844
10.50863,502.52353
10.51179,502.8212
10.51532,502.95673
10.51859,503.58514
10.52186,503.81445
10.52529,504.11136
10.52866,504.54514
10.53188,504.96021
10.5352,505.03134
10.53868,505.76114
10.54189,505.88306
10.54516,506.21259
10.54875,506.8623
10.55191,507.21082
10.55507,507.38879
10.55877,507.97659
10.56188,508.26324
10.56504,508.41327
10.56884,509.14911
10.57189,509.32925
10.575,509.57367
10.57886,510.245
10.58191,510.50949
10.58502,510.63873
10.58887,511.45663
10.59188,511.64929
10.59498,511.92126
10.59895,512.57562
10.60189,512.63037
10.605,512.99884
10.60891,513.6839
10.61196,513.96863
10.61496,514.29694
10.61893,514.74298
10.62193,515.08759
10.62498,515.37897
10.62895,516.05829
10.63189,516.28375
10.635,516.6106
10.63891,517.23438
10.64186,517.2887
10.64502,518.00745
10.64887,518.30524
10.65188,518.58582
10.65509,519.20422
10.65879,519.45331
10.66189,519.98419
10.66516,520.33051
10.6687,520.66913
10.67191,521.13385
10.67518,521.38312
10.67861,521.92981
10.68193,522.39069
10.6852,522.63483
10.68852,523.17407
10.692,523.63025
10.69521,524.07489
10.69848,524.22137
10.70207,524.9411
10.70518,525.11615
10.7085,525.29901
10.71204,526.06403
10.71525,526.3222
10.71846,526.50708
10.72205,527.27795
10.72521,527.43011
10.72838,527.6792
10.73213,528.49951
10.73523,528.72174
10.73839,528.97211
10.74214,529.81641
10.74525,530.08978
10.74836,530.24762
10.75216,530.86609
10.75527,531.1319
10.75832,531.41406
10.76223,532.21985
10.76523,532.26105
10.76829,532.64777
10.7723,533.30457
10.77525,533.50684
10.7783,533.93506
10.78227,534.38977
10.78521,535.00458
10.78827,535.1568
10.79229,535.74066
10.79518,536.11023
10.79834,536.54822
10.80225,536.96924
10.8052,537.55762
10.80836,537.82532
10.81222,538.24396
10.81521,538.85675
10.81843,539.0166
10.82212,539.57526
10.82523,540.13245
10.82845,540.31006
10.83209,540.75336
10.83525,541.40106
10.83846,541.92859
10.842,542.14838
10.84532,542.77142
10.84848,542.9975
10.85196,543.35388
10.85529,543.85797
10.8585,544.13416
10.86193,544.70959
10.8653,545.1405
10.86852,545.35803
10.87184,545.9516
10.87532,546.72015
10.87859,546.81671
10.8818,547.13312
10.88539,547.83282
10.88861,548.17157
10.89171,548.30157
10.89546,549.06903
10.89863,549.40381
10.90168,549.68097
10.90554,550.7193
10.90859,550.94714
10.91164,550.99841
10.91561,551.85425
10.91855,552.06287
10.92166,552.50537
10.92557,553.14844
10.92857,553.50012
10.93162,553.62958
10.93559,554.31415
10.93853,554.72803
10.94164,554.86206
10.94561,555.67029
10.94855,556.01031
10.95166,556.38409
10.95557,556.7168
10.95857,557.25818
10.96168,557.69934
10.96554,558.35699
10.96859,558.57373
10.9717,559.13916
10.97555,559.49829
10.97861,559.98553
10.98171,560.26392
10.98552,560.5921
10.98857,561.30725
10.99173,561.68427
10.99543,562.11633
10.99859,562.76111
11.00175,563.05151
11.00539,563.39246
11.00855,564.14313
11.01182,564.41272
11.01536,564.78735
11.01863,565.43506
11.02184,565.81195
11.02527,565.86566
11.02864,566.74078
11.03191,567.09961
11.03518,567.41748
11.03871,568.25391
11.04193,568.3847
11.04514,568.70319
11.04873,569.46594
11.05189,569.88214
11.05505,569.96954
11.05875,571.05121
11.06191,571.19611
11.06507,571.37396
11.06882,572.25159
11.07193,572.40088
11.07504,572.68976
11.07884,573.80273
11.08189,573.79901
11.085,574.22314
11.08891,574.9834
11.09186,575.28705
11.09502,575.65173
11.09893,576.47821
11.10188,576.72028
11.10498,577.08344
11.10889,577.85883
11.11195,578.02893
11.115,578.74194
11.11897,579.11749
11.12196,579.68475
11.12502,580.06256
11.12893,580.8042
11.13188,581.01996
11.13498,581.60303
11.13889,582.20496
11.14189,582.76556
11.14505,583.13074
11.14886,583.61517
11.15191,584.05676
11.15507,584.58215
11.15877,585.07825
11.16193,585.75958
11.16514,585.89636
11.16873,586.52484
11.17189,587.20978
11.17516,587.71198
11.17864,588.25012
11.18196,588.67297
11.18518,589.13678
11.18861,589.55096
11.19198,590.3092
11.1952,590.56573
11.19852,591.00714
11.20205,591.80963
11.20522,592.21594
11.20848,592.6958
11.21207,593.43964
11.21523,593.62024
11.21845,594.15253
11.22209,594.96667
11.22525,595.36725
11.22846,595.60577
11.23211,596.46338
11.23521,596.70758
11.23837,597.03461
11.24213,598.29468
11.24529,598.43365
11.24834,598.78888
11.2522,599.76373
11.2553,599.97803
11.2583,600.46155
11.26221,601.17511
11.26527,601.53485
11.26827,601.86908
11.27229,602.87158
11.27523,603.01654
11.27829,603.49371
11.2823,604.25476
11.2852,604.94092
11.2883,605.12286
11.29232,605.86847
11.29521,606.15967
11.29832,606.66211
11.30223,607.46423
11.30518,607.83929
11.30839,608.35034
11.3122,608.92181
11.3152,609.74542
11.31841,610.13654
11.32205,610.5285
11.32527,611.36719
11.32848,611.75684
11.33202,612.10492
11.33529,612.90826
11.3385,613.48889
11.34198,613.75488
11.3453,614.73987
11.34846,614.89886
11.35189,615.4071
11.35538,616.22015
11.35848,616.7641
11.36191,617.08087
11.36528,618.03418
11.3685,618.42462
11.37182,618.8418
11.3753,619.61212
11.37857,620.0246
11.38184,620.34106
11.38537,621.35834
11.38859,621.85699
11.39175,622.05841
11.39545,623.11993
11.39861,623.47473
11.40171,623.82764
11.40546,625.03497
11.40857,625.45099
11.41168,625.67102
11.41554,626.5661
11.41859,627.09229
11.42164,627.57318
11.42561,628.44592
11.42855,628.8028
11.43161,629.02576
11.43563,630.16833
11.43857,630.50006
11.44168,630.85815
11.44564,631.8634
11.44854,632.14142
11.45164,632.78748
11.45561,633.5412
11.45855,634.22687
11.46166,634.61475
11.46557,635.36438
11.46857,635.97131
11.47173,636.36584
11.47554,637.10449
11.47859,637.79236
11.4817,638.08441
11.4855,638.75348
11.48861,639.38287
11.49177,639.76605
11.49546,640.56775
11.49857,641.32227
11.50179,641.70087
11.50537,642.33044
11.50859,643.1637
11.5118,643.75726
11.51529,644.28894
11.51861,645.25555
11.52188,645.54919
11.52525,646.07391
11.52863,647.02563
11.53189,647.24957
11.53511,647.70966
11.5387,648.80298
11.54191,649.30103
11.54507,649.76501
11.54877,650.66241
11.55193,650.97955
11.55504,651.47583
11.55879,652.49097
11.56189,652.74817
11.565,653.30347
11.56886,654.19128
11.57191,654.81079
11.57502,655.13239
11.57887,656.1618
11.58188,656.76276
11.58498,657.1051
11.58889,658.05328
11.59189,658.4491
11.595,658.85864
11.59891,660.00763
11.60191,660.30579
11.60502,660.88776
11.60888,661.60803
11.61193,662.28247
11.61498,662.66345
11.61895,663.823
11.62195,664.26489
11.625,664.70148
11.62891,665.75232
11.63191,666.30994
11.63496,666.81317
11.63888,667.69342
11.64188,668.11432
11.64504,668.82074
11.64889,669.40198
11.65184,670.26019
11.65505,670.78088
11.6588,671.56946
11.66191,671.96759
11.66512,672.61261
11.66872,673.28278
11.67193,674.19336
11.67514,674.70367
11.67863,674.91864
11.68195,676.07983
11.68516,676.39355
11.68859,676.93457
11.69196,677.98956
11.69518,678.34998
11.6985,679.06726
11.70204,679.9726
11.7052,680.36194
11.70852,680.99817
11.71205,682.16388
11.71521,682.4671
11.71843,682.9234
11.72207,684.21875
11.72523,684.59979
11.72839,685.07788
11.73209,686.19849
11.73525,686.67438
11.73836,687.2052
11.74216,688.35938
11.74527,688.7489
11.74832,689.20856
11.75223,690.23462
11.75529,690.95337
11.75828,691.42688
11.7623,692.39972
11.76525,693.04498
11.7683,693.57404
11.77232,694.72156
11.77521,695.11841
11.77832,695.63843
11.78228,696.65021
11.78523,697.3017
11.78829,697.78778
11.79225,698.84143
11.7952,699.53162
11.79836,700.17145
11.80221,700.79596
11.80521,701.6524
11.80838,702.21692
11.81218,703.284
11.81523,703.67157
11.81839,704.6759
11.82214,705.37885
11.82525,706.2735
11.82841,706.95282
11.83211,707.51953
11.83527,708.4563
11.83848,709.19562
11.84202,709.60168
11.84529,710.54102
11.8485,711.30695
11.85198,712.047
11.8553,712.9314
11.85852,713.51031
11.86189,714.27545
11.86532,715.36163
11.86854,716.03699
11.87186,716.51208
11.87534,717.70148
11.87855,718.19513
11.88177,718.75488
11.88541,719.92468
11.88857,720.41553
11.89173,720.83746
11.89543,722.26587
11.89859,722.79968
11.9017,723.31635
11.9055,724.64185
11.90861,725.09259
11.91166,725.60272
11.91552,726.82556
11.91862,727.50867
11.92168,727.97522
11.92559,729.16937
11.92854,729.80524
11.93164,730.57196
11.93561,731.65063
11.93855,732.11102
11.94166,732.91614
11.94562,733.92645
11.94857,734.64514
11.95168,735.12787
11.95559,736.112
11.95854,736.91711
11.96164,737.41364
11.96555,738.49091
11.96861,739.34808
11.97171,740.07605
11.97552,741.06342
11.97857,741.92505
11.98173,742.58099
11.98548,743.4502
11.98859,744.3028
11.99175,745.09015
11.99539,745.92737
11.99855,746.87476
12.00177,747.65094
12.00536,748.27838
12.00857,749.617
12.01184,750.09442
12.01527,750.91797
12.01859,751.90161
12.02186,752.90991
12.02528,753.3877
12.02866,754.6391
12.03187,755.30005
12.0352,756.0083
12.03868,757.3075
12.04189,758.00079
12.04516,758.49341
12.04875,759.91858
12.05191,760.54047
12.05512,761.22424
12.05882,762.55029
12.06188,762.91028
12.06509,763.64966
12.06879,765.5094
12.07189,765.82666
12.075,766.48352
12.07886,768.242
12.08191,768.45367
12.08502,769.25562
12.08887,770.66577
12.09187,771.41663
12.09498,771.98962
12.09889,773.50696
12.10189,773.92755
12.105,774.6637
12.10891,776.15869
12.11196,776.71259
12.11496,777.53857
12.11893,778.61896
12.12193,779.31702
12.12493,780.42352
12.12889,781.36621
12.13189,782.12952
12.135,782.97961
12.13891,784.06708
12.14191,784.98181
12.14502,785.86646
12.14888,786.94
12.15187,787.7608
12.15509,788.49249
12.15878,789.52539
12.16189,790.45508
12.16516,791.50946
12.1687,792.28638
12.17191,793.62201
12.17518,794.26373
12.17861,795.13452
12.18198,796.36621
12.1852,797.15295
12.18852,797.88043
12.192,799.08472
12.19521,800.00745
12.19848,800.79181
12.20207,801.89777
12.20518,802.77588
12.20845,803.42914
12.21209,804.93579
12.2152,805.45612
12.21846,806.24811
12.22205,807.74365
12.22521,808.43878
12.22843,809.14691
12.23207,810.60559
12.23523,811.16254
12.23839,812.02679
12.24214,813.73138
12.24525,814.38708
12.24836,815.03729
12.25216,816.77338
12.25527,817.28387
12.25832,818.04486
12.26223,819.69989
12.26529,820.37292
12.26828,821.10455
12.2723,822.68451
12.27525,823.30725
12.2783,824.22809
12.28227,825.48041
12.28521,826.30817
12.28832,827.31995
12.29229,829.02527
12.29518,829.51947
12.29834,830.68591
12.30225,831.77112
12.3052,832.96747
12.30836,833.58936
12.31221,835.09064
12.31521,836.13055
12.31843,837.07684
12.32213,838.29492
12.32529,839.34436
12.32845,840.1731
12.33203,841.40259
12.33525,842.73157
12.33846,843.49152
12.342,844.51239
12.34527,846.12903
12.34848,847.11414
12.35196,847.91174
12.35528,849.47327
12.3585,850.27789
12.36193,851.12195
12.3653,852.68457
12.36857,853.46667
12.37184,854.39417
12.37532,856.23077
12.37854,856.96997
12.3818,857.89886
12.38539,859.62756
12.38861,860.30243
12.39171,861.30847
12.39546,862.92773
12.39862,863.82843
12.40168,864.51532
12.40553,866.35907
12.40864,867.24786
12.41164,868.13245
12.41561,869.87384
12.41855,870.58215
12.42161,871.32623
12.42562,873.31903
12.42857,874.00909
12.43163,874.97443
12.43559,876.85858
12.43854,877.4386
12.44164,878.47522
12.44561,880.2334
12.44855,881.17743
12.45166,882.14197
12.45557,883.58051
12.45857,884.37219
12.46168,885.70819
12.46554,887.30511
12.46859,887.92688
12.4717,889.35266
12.4755,890.54437
12.47855,891.83112
12.48171,893.00525
12.48546,894.26227
12.48862,895.46149
12.49173,896.5788
12.49543,897.90955
12.49859,899.29578
12.50175,900.17157
12.50539,901.48352
12.50861,903.1308
12.51182,904.10669
12.51536,905.38568
12.51862,906.94696
12.52184,908.03571
12.52527,908.96051
12.52864,910.84631
12.53191,911.82916
12.53518,912.64825
12.53871,914.72827
12.54193,915.70776
12.54514,916.59607
12.54873,918.94403
12.55189,919.83643
12.55505,920.53912
12.5588,922.90344
12.56191,923.67316
12.56507,924.66547
12.56882,926.7467
12.57187,927.68707
12.57504,928.6546
12.57884,930.95215
12.58189,931.51715
12.585,932.716
12.58891,934.73602
12.59191,935.65729
12.59502,936.53046
12.59893,938.65344
12.60193,939.54083
12.60498,940.72827
12.60895,942.76135
12.61195,943.77863
12.61495,945.10095
12.61896,946.60339
12.62191,947.7002
12.62496,949.04626
12.62893,950.67133
12.63187,952.02362
12.63498,953.1734
12.63889,954.6402
12.64189,956.04468
12.64505,957.40198
12.64886,958.72119
12.65191,960.48584
12.65507,961.80542
12.65877,963.27179
12.66187,964.80133
12.66514,966.17572
12.66873,967.48071
12.67189,969.38062
12.67516,970.70563
12.67864,971.87354
12.68196,973.89935
12.68523,975.04163
12.68861,976.3233
12.69198,978.50494
12.6952,979.74884
12.69852,980.95526
12.702,983.39764
12.70516,984.22131
12.70848,985.58685
12.71207,987.78876
12.71523,988.86444
12.71845,989.92377
12.72209,992.35577
12.72525,993.48248
12.72846,994.51849
12.73211,996.97662
12.73527,998.12036
12.73837,999.185
12.74218,1001.84094
12.74523,1002.76074
12.74834,1003.90179
12.7522,1006.5224
12.7553,1007.36719
12.7583,1008.62305
12.76221,1010.88928
12.76527,1012.13043
12.76827,1013.35211
12.77228,1015.67859
12.77523,1016.77222
12.77829,1018.01971
12.7823,1020.35748
12.7852,1021.8299
12.7883,1023.11005
12.79227,1025.35034
12.79521,1026.55164
12.79832,1028.15613
12.80223,1030.12671
12.80518,1031.75964
12.80839,1033.02332
12.8122,1034.92505
12.8152,1036.59326
12.81841,1037.9281
12.82205,1039.87085
12.82527,1041.92847
12.82848,1043.35156
12.83202,1044.99976
12.83528,1047.12842
12.8385,1048.75061
12.84198,1049.96777
12.8453,1052.67688
12.84846,1054.005
12.85194,1055.28186
12.85532,1057.99475
12.85848,1059.25403
12.86191,1060.62231
12.86534,1063.35132
12.86855,1064.56396
12.87182,1066.0769
12.87536,1068.60266
12.87857,1070.07056
12.88178,1071.44421
12.88538,1074.1676
12.88859,1075.35083
12.89175,1076.95898
12.89545,1079.84448
12.89861,1081.01221
12.90171,1082.58362
12.90546,1085.51611
12.90857,1086.76208
12.91168,1088.18225
12.91554,1091.20959
12.91859,1092.44922
12.92164,1093.86487
12.92555,1096.65588
12.92855,1097.97314
12.93166,1099.65027
12.93562,1102.49133
12.93857,1103.79529
12.94168,1105.46875
12.94559,1108.18188
12.94853,1109.72693
12.95164,1111.29053
12.95561,1113.90479
12.95855,1115.42773
12.96166,1117.22729
12.96557,1119.56519
12.96857,1121.36414
12.97168,1123.11023
12.97554,1125.7395
12.97859,1127.51758
12.9817,1129.23499
12.9855,1131.46021
12.98855,1133.77539
12.99171,1135.23865
12.99546,1137.43469
12.99857,1139.90173
13.00179,1141.57239
13.00537,1143.55127
13.00859,1146.2533
13.0118,1147.70142
13.01529,1149.68567
13.01861,1152.56763
13.02187,1154.10718
13.0252,1155.8772
13.02863,1159.02832
13.03189,1160.40283
13.03511,1162.05725
13.0387,1165.30627
13.04191,1166.88489
13.04513,1168.59631
13.04871,1172.00928
13.05193,1173.31055
13.05504,1175.25159
13.05879,1178.70569
13.06189,1180.02905
13.065,1181.65405
13.0688,1185.16479
13.07191,1186.45618
13.07502,1188.54041
13.07887,1191.98352
13.08187,1193.25037
13.08498,1195.29089
13.08889,1198.67542
13.09189,1200.18152
13.095,1202.27405
13.09886,1205.69897
13.10191,1207.27844
13.10496,1209.35815
13.10887,1212.84094
13.11193,1214.65955
13.11498,1216.61414
13.11895,1219.7688
13.12195,1221.62415
13.125,1223.91431
13.12891,1226.53723
13.13191,1228.86462
13.13496,1230.70752
13.13893,1233.93176
13.14188,1236.0011
13.14498,1238.02478
13.14889,1241.14917
13.15189,1243.62451
13.15505,1245.54138
13.1588,1248.21509
13.16186,1250.58215
13.16512,1252.87671
13.16877,1255.22571
13.17187,1258.2179
13.17514,1260.41541
13.17863,1262.32056
13.18194,1265.57605
13.18521,1267.90588
13.18859,1270.05103
13.19196,1273.62048
13.19518,1275.9082
13.1985,1278.0509
13.20204,1281.8634
13.2052,1283.93591
13.20852,1285.9469
13.21205,1289.93799
13.21521,1291.6814
13.21843,1293.77734
13.22207,1297.75586
13.22523,1299.78918
13.22839,1301.96106
13.23209,1306.05371
13.23525,1308.02454
13.23836,1310.10864
13.24216,1314.25403
13.24527,1316.03967
13.24832,1318.25195
13.25223,1322.60596
13.25529,1324.39209
13.25829,1326.64673
13.2623,1330.7229
13.26525,1332.69287
13.2683,1335.10754
13.27232,1339.20349
13.27521,1341.24377
13.27832,1343.71851
13.28229,1348.02649
13.28523,1350.20898
13.28834,1352.75439
13.2923,1356.81885
13.2952,1359.19824
13.29836,1361.69775
13.30221,1365.37537
13.30521,1367.92419
13.30838,1370.69666
13.31218,1374.0625
13.31523,1376.7688
13.31839,1379.65698
13.32214,1382.96033
13.32525,1386.25195
13.32846,1389.03406
13.33205,1392.07581
13.33527,1395.63611
13.33848,1398.30786
13.34202,1401.09802
13.34529,1405.11011
13.34845,1407.51807
13.35198,1410.25073
13.3553,1414.81067
13.35852,1417.18396
13.36195,1419.78833
13.36532,1424.79053
13.36854,1427.53772
13.37186,1429.9552
13.37534,1434.94421
13.37855,1437.28235
13.38182,1439.67407
13.38536,1444.68762
13.38857,1447.02844
13.39173,1449.82446
13.39548,1454.85876
13.39859,1457.05115
13.4017,1459.81738
13.40545,1465.04761
13.40861,1467.14075
13.41166,1469.89246
13.41552,1475.46765
13.41857,1477.49292
13.42163,1480.45276
13.42559,1486.02307
13.42854,1487.97498
13.43164,1491.13318
13.43561,1496.44446
13.43855,1498.60876
13.44166,1501.69958
13.44563,1506.97644
13.44852,1509.49316
13.45168,1512.87964
13.45559,1517.52759
13.45854,1520.65479
13.46164,1524.22278
13.46555,1528.68213
13.46855,1532.42224
13.47171,1535.85522
13.47552,1539.92651
13.47857,1543.87622
13.48173,1547.26575
13.48543,1551.12756
13.48859,1555.68005
13.49175,1558.94824
13.49539,1562.80811
13.49861,1567.58472
13.50177,1570.7417
13.50536,1574.82129
13.50863,1580.02014
13.51184,1583.00513
13.51527,1586.67029
13.51859,1591.94727
13.52186,1595.30139
13.52523,1598.80945
13.52861,1604.41663
13.53187,1607.59106
13.5352,1611.10461
13.53868,1617.25281
13.54189,1620.18726
13.54516,1623.65784
13.5487,1629.90259
13.55191,1632.83667
13.55513,1636.45557
13.55877,1643.08606
13.56187,1645.73193
13.56504,1649.349
13.56878,1656.66357
13.57189,1659.49951
13.57505,1663.16785
13.57886,1670.33069
13.58191,1672.91077
13.58502,1676.65662
13.58887,1683.53906
13.59188,1686.44446
13.59498,1690.39844
13.59889,1697.3031
13.60195,1700.22498
13.605,1704.41492
13.60891,1711.18262
13.61196,1714.34387
13.61496,1718.60291
13.61893,1725.21265
13.62193,1728.98621
13.62498,1733.35974
13.62889,1739.50964
13.63189,1744.07117
13.635,1748.49536
13.63891,1754.17139
13.64191,1759.14868
13.64502,1763.63416
13.64888,1769.00916
13.65187,1774.10095
13.65509,1778.53271
13.65878,1784.19812
13.66189,1789.75745
13.66516,1794.40735
13.6687,1799.44641
13.67191,1805.65369
13.67518,1810.20984
13.67861,1815.03247
13.68193,1822.14355
13.6852,1826.43311
13.68852,1830.91541
13.692,1838.69141
13.69521,1842.6012
13.69848,1847.18433
13.70207,1855.40564
13.70523,1859.23035
13.70845,1863.8125
13.71209,1872.45129
13.7152,1876.49841
13.71846,1881.19861
13.72205,1889.97974
13.72521,1893.604
13.72837,1898.2168
13.73212,1907.33911
13.73523,1911.36267
13.73839,1916.15564
13.74209,1925.3042
13.74525,1929.26575
13.74836,1934.10901
13.75216,1943.10461
13.75527,1947.58374
13.75832,1952.7832
13.76223,1961.51221
13.76523,1965.72839
13.76829,1971.29175
13.77225,1980.4718
13.77525,1985.16772
13.7783,1990.52185
13.78227,1999.64966
13.78521,2004.41016
13.78832,2010.18091
13.79229,2019.19226
13.79518,2024.14404
13.79834,2030.20764
13.80225,2038.43665
13.8052,2044.24622
13.80836,2050.34595
13.81061,2054.19678
